-- MySQL dump 10.13  Distrib 8.0.39, for Linux (x86_64)
--
-- Host: localhost    Database: SchoolDB
-- ------------------------------------------------------
-- Server version	8.0.39-0ubuntu0.24.04.2

/*!40101 SET @OLD_CHARACTER_SET_CLIENT=@@CHARACTER_SET_CLIENT */;
/*!40101 SET @OLD_CHARACTER_SET_RESULTS=@@CHARACTER_SET_RESULTS */;
/*!40101 SET @OLD_COLLATION_CONNECTION=@@COLLATION_CONNECTION */;
/*!50503 SET NAMES utf8mb4 */;
/*!40103 SET @OLD_TIME_ZONE=@@TIME_ZONE */;
/*!40103 SET TIME_ZONE='+00:00' */;
/*!40014 SET @OLD_UNIQUE_CHECKS=@@UNIQUE_CHECKS, UNIQUE_CHECKS=0 */;
/*!40014 SET @OLD_FOREIGN_KEY_CHECKS=@@FOREIGN_KEY_CHECKS, FOREIGN_KEY_CHECKS=0 */;
/*!40101 SET @OLD_SQL_MODE=@@SQL_MODE, SQL_MODE='NO_AUTO_VALUE_ON_ZERO' */;
/*!40111 SET @OLD_SQL_NOTES=@@SQL_NOTES, SQL_NOTES=0 */;

--
-- Table structure for table `Children`
--

DROP TABLE IF EXISTS `Children`;
/*!40101 SET @saved_cs_client     = @@character_set_client */;
/*!50503 SET character_set_client = utf8mb4 */;
CREATE TABLE `Children` (
  `child_id` int NOT NULL AUTO_INCREMENT,
  `first_name` varchar(100) NOT NULL,
  `last_name` varchar(100) NOT NULL,
  `birth_date` date NOT NULL,
  `year_of_entry` year NOT NULL,
  `age` int NOT NULL,
  `institution_id` int DEFAULT NULL,
  `class_id` int DEFAULT NULL,
  PRIMARY KEY (`child_id`),
  KEY `institution_id` (`institution_id`),
  KEY `class_id` (`class_id`),
  CONSTRAINT `Children_ibfk_1` FOREIGN KEY (`institution_id`) REFERENCES `Institutions` (`institution_id`),
  CONSTRAINT `Children_ibfk_2` FOREIGN KEY (`class_id`) REFERENCES `Classes` (`class_id`)
) ENGINE=InnoDB AUTO_INCREMENT=4 DEFAULT CHARSET=utf8mb4 COLLATE=utf8mb4_0900_ai_ci;
/*!40101 SET character_set_client = @saved_cs_client */;

--
-- Dumping data for table `Children`
--

LOCK TABLES `Children` WRITE;
/*!40000 ALTER TABLE `Children` DISABLE KEYS */;
INSERT INTO `Children` VALUES (1,'Ivan','Pilipov','2014-06-15',2020,10,1,1),(2,'Anna','Krasnova','2018-09-22',2023,6,2,2),(3,'Michael','Vasichkin','2013-02-10',2021,11,3,3);
/*!40000 ALTER TABLE `Children` ENABLE KEYS */;
UNLOCK TABLES;

--
-- Table structure for table `Classes`
--

DROP TABLE IF EXISTS `Classes`;
/*!40101 SET @saved_cs_client     = @@character_set_client */;
/*!50503 SET character_set_client = utf8mb4 */;
CREATE TABLE `Classes` (
  `class_id` int NOT NULL AUTO_INCREMENT,
  `class_name` varchar(100) NOT NULL,
  `institution_id` int DEFAULT NULL,
  `direction` enum('Mathematics','Biology and Chemistry','Language Studies') NOT NULL,
  PRIMARY KEY (`class_id`),
  KEY `institution_id` (`institution_id`),
  CONSTRAINT `Classes_ibfk_1` FOREIGN KEY (`institution_id`) REFERENCES `Institutions` (`institution_id`)
) ENGINE=InnoDB AUTO_INCREMENT=4 DEFAULT CHARSET=utf8mb4 COLLATE=utf8mb4_0900_ai_ci;
/*!40101 SET character_set_client = @saved_cs_client */;

--
-- Dumping data for table `Classes`
--

LOCK TABLES `Classes` WRITE;
/*!40000 ALTER TABLE `Classes` DISABLE KEYS */;
INSERT INTO `Classes` VALUES (1,'Grade 1',1,'Mathematics'),(2,'Kindergarten A',2,'Language Studies'),(3,'Grade 2',3,'Biology and Chemistry');
/*!40000 ALTER TABLE `Classes` ENABLE KEYS */;
UNLOCK TABLES;

--
-- Table structure for table `Institutions`
--

DROP TABLE IF EXISTS `Institutions`;
/*!40101 SET @saved_cs_client     = @@character_set_client */;
/*!50503 SET character_set_client = utf8mb4 */;
CREATE TABLE `Institutions` (
  `institution_id` int NOT NULL AUTO_INCREMENT,
  `institution_name` varchar(100) NOT NULL,
  `institution_type` enum('School','Kindergarten') NOT NULL,
  `address` varchar(255) NOT NULL,
  PRIMARY KEY (`institution_id`)
) ENGINE=InnoDB AUTO_INCREMENT=4 DEFAULT CHARSET=utf8mb4 COLLATE=utf8mb4_0900_ai_ci;
/*!40101 SET character_set_client = @saved_cs_client */;

--
-- Dumping data for table `Institutions`
--

LOCK TABLES `Institutions` WRITE;
/*!40000 ALTER TABLE `Institutions` DISABLE KEYS */;
INSERT INTO `Institutions` VALUES (1,'School #107','School','107 St'),(2,'White Swan Kindergarten','Kindergarten','2 White Ave'),(3,'School #130','School','130 St');
/*!40000 ALTER TABLE `Institutions` ENABLE KEYS */;
UNLOCK TABLES;

--
-- Table structure for table `Parents`
--

DROP TABLE IF EXISTS `Parents`;
/*!40101 SET @saved_cs_client     = @@character_set_client */;
/*!50503 SET character_set_client = utf8mb4 */;
CREATE TABLE `Parents` (
  `parent_id` int NOT NULL AUTO_INCREMENT,
  `first_name` varchar(100) NOT NULL,
  `last_name` varchar(100) NOT NULL,
  `child_id` int DEFAULT NULL,
  `tuition_fee` decimal(10,2) NOT NULL,
  PRIMARY KEY (`parent_id`),
  KEY `child_id` (`child_id`),
  CONSTRAINT `Parents_ibfk_1` FOREIGN KEY (`child_id`) REFERENCES `Children` (`child_id`)
) ENGINE=InnoDB AUTO_INCREMENT=4 DEFAULT CHARSET=utf8mb4 COLLATE=utf8mb4_0900_ai_ci;
/*!40101 SET character_set_client = @saved_cs_client */;

--
-- Dumping data for table `Parents`
--

LOCK TABLES `Parents` WRITE;
/*!40000 ALTER TABLE `Parents` DISABLE KEYS */;
INSERT INTO `Parents` VALUES (1,'Nikolay','Pilipov',1,1200.00),(2,'Gulia','Krasnova',2,800.00),(3,'Petr','Vasichkin',3,1000.00);
/*!40000 ALTER TABLE `Parents` ENABLE KEYS */;
UNLOCK TABLES;
/*!40103 SET TIME_ZONE=@OLD_TIME_ZONE */;

/*!40101 SET SQL_MODE=@OLD_SQL_MODE */;
/*!40014 SET FOREIGN_KEY_CHECKS=@OLD_FOREIGN_KEY_CHECKS */;
/*!40014 SET UNIQUE_CHECKS=@OLD_UNIQUE_CHECKS */;
/*!40101 SET CHARACTER_SET_CLIENT=@OLD_CHARACTER_SET_CLIENT */;
/*!40101 SET CHARACTER_SET_RESULTS=@OLD_CHARACTER_SET_RESULTS */;
/*!40101 SET COLLATION_CONNECTION=@OLD_COLLATION_CONNECTION */;
/*!40111 SET SQL_NOTES=@OLD_SQL_NOTES */;

-- Dump completed on 2024-10-16 10:37:19
